CBO94;CBO2002
X4010;020105
X4020;020205
X4030;021105
X4040;021210
X5010;010110
X5020;010210
X5030;010310
X5040;010310
X6010;010115
X6020;010215
X6030;010215
X6040;010315
X7010;020105
X7020;020205
X7030;021110
X7040;021205
X8010;020105
X8020;020205
X8030;020205
X8030;021110
X8040;021205
01105;213210
01110;213205
01125;213205
01145;213210
01150;213205
01155;213205
01190;213205
01190;213210
01210;213105
01215;213150
01220;213105
01230;213175
01235;213105
01240;213160
01250;213110
01260;213105
01270;213105
01280;213155
01290;213105
01290;213125
01290;213135
01290;213150
01290;301110
01920;213415
01930;213315
01940;213305
01950;203215
01990;213120
01990;213415
01990;213420
01990;301110
01990;311510
01990;316105
02020;222110
02040;222120
02060;222115
02090;222110
02090;222120
02110;214205
02115;214215
02125;214255
02135;214210
02145;214225
02150;214245
02155;214265
02160;214230
02165;214260
02170;214240
02175;214105
02180;214125
02185;214120
02190;141305
02190;203205
02190;214105
02190;214110
02190;214205
02190;214215
02190;214250
02190;214255
02190;312105
02190;318505
02190;710205
02220;214405
02230;214305
02240;214365
02250;214610
02260;214510
02270;262410
02290;214505
02290;214905
02305;214305
02310;214310
02320;214305
02330;214305
02335;214325
02340;214340
02350;214310
02385;214365
02390;214305
02390;214310
02390;214320
02390;214330
02390;214340
02410;214405
02415;214405
02420;214405
02430;214405
02440;214405
02445;214405
02450;214430
02460;214425
02465;214405
02470;214410
02480;214405
02483;214610
02485;214415
02490;214405
02490;214410
02490;214420
02510;214505
02520;214525
02530;214520
02540;214525
02550;214505
02590;214505
02590;214510
02590;214525
02620;214610
02630;214610
02690;214605
02690;214610
02710;214705
02720;214705
02730;214705
02740;214705
02750;213405
02760;214705
02790;214705
02790;214725
02810;214905
02830;214925
02840;214915
02850;214910
02890;214905
02890;214910
02890;214915
02920;214605
02935;214805
02940;214505
02950;214255
02960;203210
02990;214355
02990;214605
02990;214810
02990;214905
02990;214910
03020;351105
03030;424125
03040;351305
03050;351305
03060;351310
03090;351105
03090;351305
03090;391210
03090;411035
03110;321110
03120;321105
03130;323105
03140;324205
03145;324210
03150;323105
03160;321305
03190;203020
03190;213205
03205;316305
03210;314620
03212;314725
03214;314710
03215;314730
03216;314720
03218;314705
03219;314715
03220;316310
03225;214610
03230;316110
03290;141205
03290;314620
03290;314715
03290;316110
03290;316305
03290;711320
03290;720125
03290;720150
03290;773105
03290;780105
03315;312105
03330;312305
03350;312315
03360;312205
03370;312210
03380;312320
03390;312105
03390;312205
03390;312210
03390;312305
03390;312315
03390;312320
03390;710205
03390;910910
03405;313105
03410;313215
03430;313315
03435;313120
03436;313125
03440;313205
03442;313210
03445;313315
03447;313320
03450;313315
03455;313320
03460;313315
03475;313315
03482;313315
03490;213310
03490;313105
03490;313120
03490;313130
03490;313215
03490;313315
03490;313320
03490;374120
03490;374125
03490;391205
03490;715615
03490;732105
03490;732120
03490;860115
03490;950105
03490;954210
03510;314110
03530;314310
03540;314305
03550;314115
03560;314315
03570;314125
03575;314120
03590;300305
03590;314105
03590;314110
03590;314115
03590;314120
03590;314205
03590;314210
03590;314310
03590;314315
03590;720115
03590;720215
03590;950110
03590;950305
03605;311105
03615;301115
03620;311205
03630;301110
03640;301105
03650;325115
03690;301105
03690;301110
03690;301115
03690;311105
03690;311115
03690;311205
03690;311405
03690;311410
03690;314605
03690;314615
03690;314620
03690;316110
03690;325110
03690;391210
03690;515215
03690;810110
03690;818110
03710;311605
03720;311615
03730;311625
03740;311610
03750;311620
03790;301105
03790;311605
03790;760110
03805;318005
03810;318430
03820;318205
03825;318310
03830;318305
03835;318115
03840;318420
03845;318105
03850;318215
03855;318110
03860;318415
03865;318425
03870;318405
03875;318120
03880;318210
03883;318015
03884;318410
03885;318015
03887;318010
03890;312305
03890;316110
03890;318005
03890;318010
03890;318205
03890;318305
03890;318410
03890;318415
03890;318430
03890;318505
03890;415130
03930;391105
03935;391125
03937;391220
03940;391110
03945;351605
03948;342120
03950;311510
03960;311305
03965;311515
03970;311110
03975;351715
03980;325205
03982;371305
03983;371310
03984;371305
03985;391205
03987;351725
03988;300305
03989;391135
03990;141420
03990;142705
03990;311105
03990;311115
03990;311305
03990;311405
03990;311410
03990;311515
03990;311725
03990;312205
03990;313130
03990;313205
03990;313410
03990;314110
03990;319105
03990;321205
03990;371310
03990;391105
03990;391110
03990;391125
03990;391205
03990;391215
03990;395105
03990;510310
03990;515225
03990;519940
03990;723220
03990;742105
03990;810110
04120;215305
04130;341105
04135;215305
04140;215305
04150;341115
04160;215315
04170;215310
04190;215305
04215;215115
04220;215115
04230;215115
04240;341215
04250;215220
04290;215105
04290;215110
04290;215115
04315;215210
04320;215205
04330;215220
04390;215205
05110;221105
05120;203025
05125;203005
05130;203010
05140;203015
05150;203020
05190;203005
05190;203010
05190;203015
05190;203025
05230;223410
05250;203015
05270;223405
05290;203015
06190;252105
06310;223208
06330;223272
06335;223268
06340;223212
06345;223240
06350;223244
06355;223236
06360;223256
06365;223260
06370;223248
06390;223208
06510;223305
06530;223305
06540;223310
06590;223305
06710;223405
06720;223405
06790;223405
06790;223410
06790;515225
06810;223710
06820;223710
06830;223705
06890;223705
06890;223710
07110;223505
07130;223560
07140;223530
07145;223545
07150;223520
07155;223525
07160;223555
07165;223550
07190;223505
07190;223520
07210;322205
07215;322215
07220;322210
07230;322220
07290;322230
07310;251605
07315;251605
07325;251605
07345;251605
07390;251605
07410;251510
07415;251540
07425;251505
07435;251510
07445;251535
07450;251525
07455;251515
07460;251530
07490;251505
07490;251510
07525;223910
07530;322305
07540;322305
07590;752235
07620;223605
07630;223905
07690;223605
07690;223620
07690;324115
07690;516135
07720;324115
07730;324110
07740;324105
07790;324110
07790;324115
07915;322105
07925;223810
07935;322405
07945;322115
07950;322505
07990;251550
08110;211205
08120;203120
08130;211210
08190;211205
08190;211210
08220;211115
08240;211110
08250;211105
08290;211115
08320;212405
08330;212420
08340;142515
08345;212410
08390;212405
08390;212415
08390;317205
08410;142510
08420;317110
08425;313505
08430;317115
08490;317110
08490;317205
09110;251205
09120;251225
09130;251215
09140;251210
09190;252105
09220;252105
09230;252105
09290;252105
09310;252210
09320;252205
09330;252210
09390;252205
09390;252210
09390;391125
09910;252205
09940;252510
09990;252105
12110;241005
12120;241015
12130;241020
12140;241035
12150;241025
12190;241005
12190;241015
12190;241020
12190;241030
12920;241215
12930;241210
12940;241010
12950;241040
12990;241040
12990;241210
12990;241230
12990;242210
12990;242215
12990;242235
12990;242245
13120;234505
13130;234520
13140;234510
13150;234515
13190;234515
13190;234520
13190;239410
13205;234210
13210;234205
13220;234210
13230;234210
13290;231305
13320;234310
13330;234310
13335;234310
13340;234310
13345;234310
13350;234310
13355;234310
13360;234305
13365;234305
13370;234310
13375;234310
13380;234310
13390;234310
13405;234110
13410;234115
13420;234105
13430;234105
13440;234110
13450;234105
13460;234115
13490;234105
13490;234115
13510;234805
13520;234805
13530;234805
13540;234805
13550;234805
13560;234810
13570;234815
13590;234805
13615;234730
13620;234730
13625;234730
13630;234730
13635;234730
13640;234730
13645;234705
13650;234735
13655;234745
13660;234720
13665;234770
13670;234740
13680;234760
13690;234315
13720;234405
13730;234405
13740;234405
13750;234435
13760;234435
13765;234420
13770;234435
13780;234415
13785;234425
13790;234405
13790;234425
13790;234430
13820;234624
13830;234616
13840;234648
13850;234672
13890;234604
13890;234620
13890;234660
13890;234672
13890;234676
13915;131305
13920;234310
13930;234320
13935;234215
13940;234215
13950;234305
13960;234125
13965;234676
13970;234910
13980;234410
13990;234505
13990;234520
13990;234715
13990;234725
13990;234745
13990;234770
13990;234810
13990;234910
13990;354815
14115;232145
14120;232150
14125;232135
14130;232140
14135;232140
14140;232160
14145;232155
14150;232130
14155;232165
14160;232110
14165;232115
14170;233130
14175;233120
14180;233115
14185;233125
14190;231310
14190;233110
14220;231210
14230;231335
14240;231340
14250;231305
14260;231325
14290;231205
14290;231210
14290;231310
14290;231320
14290;231325
14290;231330
14290;231335
14320;231105
14390;231105
14390;231110
14420;233135
14430;233110
14440;233210
14450;233215
14460;233205
14490;233110
14490;233130
14490;233135
14490;262830
14520;239215
14530;239225
14540;239205
14590;239210
14590;239215
14920;121010
14930;239430
14940;239410
14945;239415
14950;239405
14960;239420
14990;231205
14990;231310
14990;233110
15120;261515
15130;261510
15190;261510
15210;261125
15220;261115
15230;261140
15240;261135
15245;261120
15250;261505
15260;261505
15270;253110
15275;253110
15280;261530
15290;253110
15290;261105
15290;261120
15290;261125
15290;261135
15290;261140
15290;261730
15310;261715
15320;261715
15330;261710
15340;261715
15390;261710
15390;261715
15390;261730
15945;261610
15947;253115
15955;253105
15970;253105
15990;261305
16120;262405
16130;262405
16140;262405
16150;262405
16160;262405
16190;214115
16190;262405
16190;262410
16190;752105
16310;261805
16320;261815
16330;261810
16340;261820
16350;372105
16360;372115
16370;372115
16390;261805
16390;261815
17120;262605
17130;262610
17135;262615
17140;262610
17145;262705
17150;262615
17190;262615
17220;262815
17225;262320
17230;262810
17290;374210
17320;262505
17330;262220
17345;262205
17355;262215
17390;262505
17420;262120
17430;262110
17440;262115
17450;262105
17490;262105
17490;262110
17490;262125
17520;376245
17530;376235
17540;376205
17550;376255
17590;376215
17590;376220
17590;376225
17590;376230
17590;376325
17930;376305
17990;262105
17990;262505
18120;224125
18125;224120
18130;224135
18135;224125
18140;224125
18145;224115
18150;224125
18155;224125
18160;224125
18190;224125
18190;224130
18220;377110
18230;377135
18240;377130
18250;377145
18290;377105
18290;377115
18920;377205
18990;224130
18990;224135
19120;261205
19125;261210
19130;261305
19140;261310
19145;212305
19190;261305
19190;261310
19220;251120
19225;251610
19240;251105
19245;251110
19250;251305
19260;203520
19270;251115
19290;251405
19520;261405
19530;261420
19540;261410
19590;261420
19620;263105
19630;263110
19640;263115
19690;263105
19690;263110
19690;514115
19720;252405
19730;252405
19735;252405
19790;252405
19835;354305
19847;351720
19850;351740
19855;351705
19890;354305
19920;241030
19945;253125
19955;253120
19960;516705
19990;213205
21120;111105
21130;111110
21135;111115
21140;111120
21220;111225
21320;111330
21330;111340
21340;111340
21350;111345
21360;111325
21390;111305
21390;111320
21390;111325
21390;111330
21390;111405
21390;242235
21420;111405
21430;111410
21440;111415
21490;252105
22120;111405
22130;111405
22140;111405
22190;111405
22190;122705
22190;142305
23120;121010
23130;121010
23140;121010
23150;121010
23160;121010
23165;121010
23170;121010
23180;121010
23190;121005
23190;121010
23190;122205
23190;710220
23190;720205
23190;730105
23190;750105
23190;751010
23220;121010
23230;121010
23240;121010
23250;121010
23290;214705
23290;222105
23290;222120
23320;121010
23330;121010
23340;121010
23390;121005
23420;121010
23490;121005
23490;141305
23490;214215
23490;312105
23490;710205
23520;121010
23530;121010
23540;121010
23590;121005
23590;121010
23590;122515
23590;123305
23590;141505
23620;121010
23630;121010
23640;121010
23650;121010
23690;121005
23690;121010
23690;141605
23690;214270
23720;121010
23730;121010
23740;121010
23750;121010
23790;121005
23790;121010
23790;123110
23790;141410
23790;141420
23790;142210
23820;121010
23830;121010
23840;121010
23890;114405
23890;121005
23890;131105
23890;262220
23910;121010
23990;121010
23990;131105
23990;142320
23990;241235
23990;252305
23990;262220
23990;514110
24120;142105
24125;142105
24130;142210
24140;142310
24150;142205
24190;252105
24220;142105
24230;142605
24240;142105
24290;121005
24290;122205
24290;122515
24290;123105
24290;123110
24290;131115
24290;131120
24290;141115
24290;141205
24290;141605
24290;141610
24290;141615
24290;142205
24290;142315
24290;142320
24290;142405
24290;142410
24290;142510
24290;142605
24290;251220
24290;252305
24290;253125
24290;262220
24290;301105
24290;313215
24290;314205
24290;314605
24290;318610
24290;351720
24290;391125
24290;391210
24290;395105
24290;410105
24290;410235
24290;411010
24290;414210
24290;515225
24290;715305
24290;720145
24290;720215
24290;760125
24290;760605
24290;770110
24290;773205
24290;780105
24290;784205
24290;841210
24320;142115
24325;141710
24330;142305
24335;141720
24340;142405
24345;351710
24347;141715
24350;142320
24355;141705
24360;142310
24365;141720
24370;142315
24390;121005
24390;123115
24390;123305
24390;131105
24390;131115
24390;141205
24390;141405
24390;141415
24390;141420
24390;141510
24390;141615
24390;141715
24390;141725
24390;142115
24390;142205
24390;142305
24390;142310
24390;142315
24390;142320
24390;142405
24390;251205
24390;251215
24390;252210
24390;252305
24390;253115
24390;253120
24390;253205
24390;262205
24390;262410
24390;351715
24390;353230
24390;353235
24390;354110
24390;354125
24390;410225
24390;410235
24390;411010
24390;420110
24910;141205
24920;141605
24930;141610
24940;141705
24990;121005
24990;122205
24990;123105
24990;131210
24990;141115
24990;141205
24990;141305
24990;141420
24990;141610
24990;142205
24990;142305
24990;142315
24990;142320
24990;252305
24990;261110
24990;262205
24990;311515
24990;352310
24990;373205
24990;412120
24990;413110
24990;414110
24990;710210
24990;720115
24990;766405
30110;410105
30120;351315
30130;410105
30135;410215
30190;111415
30190;131205
30190;131315
30190;141205
30190;141420
30190;141715
30190;141725
30190;142305
30190;142310
30190;142320
30190;254310
30190;261210
30190;342120
30190;342210
30190;342410
30190;351110
30190;351315
30190;351505
30190;351605
30190;391220
30190;410105
30190;410215
30190;410225
30190;410235
30190;411005
30190;411045
30190;412105
30190;414210
30190;510105
30190;510110
30190;732120
30190;760405
30190;780105
30190;910105
30220;351110
30230;410230
30240;410225
30250;410210
30260;410235
30290;222105
30920;410205
30930;410220
30990;351110
30990;410205
30990;410215
31120;411010
31125;411010
31190;351425
31190;411005
31190;411010
31220;254415
31230;254415
31240;254405
31250;254405
31260;254405
31290;251225
31290;252205
31290;252210
31290;254110
31290;254405
31290;254415
31290;342210
31290;351105
31290;351110
31290;410105
31290;411005
31290;413110
31290;421310
31320;242305
31330;351810
31340;204105
31390;111415
31390;242305
31390;351810
31420;241335
31430;351410
31440;351425
31490;252210
31490;351405
31490;351410
31490;351425
31490;411020
31920;352210
31930;352205
31940;352205
31950;352305
31960;352410
31970;254405
31980;254405
31985;351305
31990;222110
32105;351505
32110;252305
32115;252310
32190;252310
32190;351515
32190;410105
32190;411005
32190;411010
32190;422105
32320;412105
32330;351510
32340;412115
32350;372205
32390;261305
33115;413110
33130;413110
33140;413210
33145;421125
33150;253305
33155;353225
33157;353230
33165;413215
33175;413110
33190;141720
33190;142320
33190;253305
33190;351105
33190;351110
33190;351305
33190;353205
33190;353230
33190;410210
33190;410220
33190;410235
33190;413105
33190;413110
33190;413210
33190;413220
33190;413225
33190;420105
33190;421125
33220;421105
33230;421115
33235;511220
33240;421120
33250;421210
33260;421205
33270;519940
33290;354815
33290;420105
33290;421110
33290;421115
33290;421120
33920;413110
33925;413230
33930;413105
33950;413115
33960;421305
33970;411040
33990;252210
33990;351105
33990;351110
33990;410105
33990;410230
33990;411005
33990;411010
33990;411035
33990;413105
33990;413110
33990;413115
33990;413220
33990;413225
33990;413230
33990;420105
33990;420110
33990;421125
33990;421305
33990;421310
34120;411010
34130;411010
34190;413110
34220;317205
34225;317205
34230;411010
34232;317205
34235;317205
34240;412110
34290;313305
34290;317205
34290;412110
34290;766250
34290;954305
34320;412110
34330;412120
34390;412110
34390;412120
34410;412120
34415;391115
34420;391120
34430;391120
34440;142515
34490;342610
34490;391125
34490;391210
35120;342405
35130;342410
35140;342410
35190;342405
35190;342410
35190;511205
35190;991105
35220;141610
35230;141610
35240;313315
35290;412115
35290;415210
35320;342520
35330;342510
35340;342505
35350;342515
35390;342505
35390;342510
35420;342305
35430;342310
35490;342305
35490;342310
35490;342410
35520;342610
35590;342605
35590;342610
36025;511210
36035;511205
36040;511215
36090;342505
36090;342510
36090;342530
36090;511205
36090;511210
37020;415210
37030;415205
37040;415205
37090;141610
37090;391230
37090;412205
37090;415205
37090;415210
38020;422205
38025;422315
38030;372205
38040;372210
38045;372210
38050;372210
38060;372210
38070;372210
38080;372205
38085;422205
38090;372210
38090;422205
39115;414105
39120;414110
39125;410220
39130;414105
39135;414105
39140;414110
39145;414105
39146;414105
39150;414115
39190;141615
39190;313415
39190;325205
39190;342210
39190;342315
39190;354205
39190;391115
39190;391125
39190;391135
39190;391205
39190;410105
39190;410205
39190;414105
39190;414110
39190;414115
39190;414210
39190;414215
39190;423105
39190;511210
39190;514210
39190;519110
39190;521125
39190;780105
39190;783225
39190;784110
39190;784205
39310;411005
39315;413225
39320;351305
39325;354125
39330;411030
39340;351430
39360;414205
39370;414210
39380;411045
39385;342210
39390;342105
39390;342120
39390;342205
39390;351505
39390;354145
39390;372210
39390;391125
39390;391205
39390;410105
39390;411005
39390;411010
39390;411030
39390;411035
39390;411045
39390;412105
39390;413110
39390;414105
39390;414205
39390;414210
39390;415130
39390;422105
39390;423105
39390;784205
39410;422105
39415;422125
39417;420125
39420;422120
39430;422110
39435;422115
39490;420135
39490;422105
39490;422110
39490;422120
39520;371105
39530;415105
39540;415120
39590;261305
39915;414210
39917;391215
39920;411035
39930;415115
39935;519940
39950;415130
39960;415125
39965;415115
39970;412205
39975;414105
39990;391205
39990;411005
39990;411025
39990;411035
39990;412205
39990;414110
39990;415105
39990;415115
39990;415125
39990;415130
39990;421310
39990;422315
39990;521110
41020;141405
41030;141410
41090;141405
41090;141410
41090;142305
41090;751125
42120;520110
42130;520110
42140;521115
42150;141415
42190;142320
42190;351715
42190;354110
42190;354120
42190;354125
42190;354130
42190;354210
42190;411005
42190;520110
42190;521110
42215;354210
42220;354205
42230;354205
42290;141410
42290;354205
42290;354210
42290;411005
42290;411040
43120;354135
43130;354135
43190;141410
43190;141420
43190;142320
43190;354110
43190;354120
43190;391205
43220;354145
43230;354705
43240;354110
43290;141410
43290;354110
43290;354120
43290;354135
43290;354140
43290;354145
43290;354705
43290;521110
43290;521120
44120;354505
44130;354605
44140;253305
44190;141410
44190;253305
44190;351715
44190;521110
44220;354120
44230;354110
44290;253115
44290;354110
44290;354120
44290;354135
44320;354405
44330;354415
44340;354410
44350;351730
44390;354415
45120;521105
45130;521110
45160;521135
45170;521130
45190;141405
45190;141410
45190;354120
45190;354125
45190;520110
45190;521110
45190;521125
45190;751125
45190;768125
45190;784115
45220;524305
45230;524105
45240;524210
45250;524310
45290;524305
45320;521120
45330;376410
45390;376405
45390;376410
45390;376415
45390;521120
45430;375105
45450;375110
45490;214110
45490;262405
45490;318415
45490;318810
45490;375110
49030;848510
49040;524205
49090;141410
49090;421205
49090;421210
49090;513435
49090;521110
49090;848510
50020;141505
50025;141515
50030;141510
50035;141520
50040;511115
50090;141505
50090;141510
50090;141515
50090;141520
50090;223710
50090;510130
50090;511405
52020;513110
52030;513105
52040;513110
52050;511115
52070;513115
52080;414105
52090;414110
52090;513105
52090;513115
52090;513315
52090;517405
53110;513205
53120;513205
53140;513210
53145;513220
53150;513225
53160;513205
53170;513205
53190;223710
53190;510130
53190;513205
53190;513425
53190;513435
53190;848315
53190;848325
53210;513405
53220;510135
53240;513410
53245;510130
53250;513420
53260;513425
53265;513430
53270;513435
53290;141510
53290;352210
53290;510130
53290;511115
53290;513405
53290;513410
53290;513415
53290;513420
53290;513425
53290;513435
53290;514210
54010;510115
54020;512105
54035;516205
54045;516215
54050;513315
54053;510120
54055;517405
54060;513320
54070;513325
54090;141505
54090;510115
54090;512105
54090;512110
54090;513305
54090;513310
54090;513315
54090;513425
54090;514120
54090;514210
54090;516205
54120;511105
54130;511110
54190;354810
54190;511105
54190;782715
55115;510110
55120;514120
55125;517410
55135;514110
55140;514115
55150;514105
55190;261310
55215;514225
55220;514320
55230;514305
55250;514215
55260;514205
55290;411005
55290;512105
55290;512115
55290;514210
55290;514225
55290;519205
55290;991405
56010;516305
56020;516310
56025;516315
56030;516320
56040;516410
56060;516325
56070;516415
56080;516330
56090;516305
56090;516315
56090;516325
56090;516330
56090;516335
56090;516345
57020;516110
57030;516105
57040;516115
57045;322120
57050;516120
57055;516140
57058;322110
57060;516130
57065;516125
57090;516110
57090;516115
57090;516125
57090;516135
57090;763010
57210;322230
57215;322235
57220;515110
57230;515120
57240;515205
57250;322225
57260;515115
57275;515215
57280;818110
57290;223505
58110;517110
58140;517105
58150;517110
58190;510305
58190;517105
58190;517110
58190;517115
58220;517205
58230;351810
58240;351805
58250;351815
58290;351815
58290;517210
58290;517215
58320;517330
58330;517420
58340;517305
58390;510310
58390;517310
58390;517320
58390;517325
58390;517330
58390;517410
58390;517420
58420;517220
58430;517210
58490;342310
58490;517210
58490;517220
58930;517315
58950;517115
58990;517330
59115;354815
59120;511405
59125;511405
59130;511405
59135;511405
59190;354805
59190;354810
59190;354815
59190;511405
59220;516505
59230;328105
59290;516505
59915;519925
59925;519935
59935;519915
59945;519905
59955;517415
59965;519945
59985;519930
59990;354805
59990;411005
59990;423105
59990;513425
59990;514210
59990;514215
59990;514225
59990;517405
59990;519910
59990;519920
59990;519930
59990;519935
59990;524305
59990;622010
59990;991205
60010;620110
60020;620105
60040;620115
60050;630110
60090;141105
60090;141110
60090;141115
60090;141120
60090;613005
60110;620110
60120;620105
60130;620115
60140;630110
60190;141115
60190;613110
60190;620105
60190;620110
60190;622020
60190;623015
61110;611005
61120;612005
61130;613005
61190;612620
61215;612005
61225;613010
61240;613110
61250;613115
61260;613305
61270;612305
61275;612505
61280;612405
61290;612005
61290;613005
61290;613010
61290;613110
61290;613130
61290;613205
61290;613215
61290;620105
62105;621005
62120;622020
62130;623015
62190;620115
62190;621005
62190;622020
62190;848505
63120;622120
63130;622105
63140;622115
63150;622110
63190;612120
63190;622020
63190;622110
63190;622120
63190;622215
63220;622205
63230;622210
63240;612215
63250;622215
63290;622020
63290;622205
63290;622210
63290;622740
63290;632370
63310;622310
63320;622315
63330;622315
63340;622315
63350;622305
63360;622310
63370;622320
63380;622305
63390;612310
63390;622020
63390;622315
63390;622320
63390;622505
63410;622425
63420;622425
63490;622425
63510;622505
63520;622505
63530;622505
63540;622505
63550;622515
63560;622505
63570;622505
63580;622505
63590;622505
63590;622515
63620;622610
63625;622610
63630;622605
63640;622615
63650;622805
63660;622620
63690;622620
63690;622805
63690;622810
63690;632340
63720;622730
63730;622705
63740;622725
63750;622715
63760;622720
63790;622725
63790;622730
63790;622735
63790;622810
63790;632215
63820;622810
63830;622810
63890;622810
63890;632340
63920;622015
63925;632015
63930;622020
63940;622010
63950;622020
63990;621005
63990;622010
63990;622015
63990;622020
63990;632010
63990;641015
64120;623110
64130;623115
64140;623125
64150;623105
64160;623005
64170;623020
64180;623115
64190;613120
64190;623015
64190;623020
64190;623110
64190;623115
64190;623120
64190;623125
64220;623215
64230;623210
64240;623205
64290;623210
64320;623305
64330;623320
64390;623115
64420;623410
64430;623420
64490;623410
64490;623415
64920;623015
64930;623010
64940;623020
64950;623325
64960;623005
64990;519305
64990;623015
64990;623020
64990;623115
65110;632125
65120;632120
65130;632115
65140;632110
65190;632105
65190;632110
65190;632120
65190;632125
65220;632205
65230;632210
65240;632215
65290;632215
65320;632310
65330;632325
65340;632355
65350;632365
65360;632340
65390;632125
65390;632210
65420;632410
65430;622615
65440;622625
65490;622505
65490;622615
65520;632520
65530;632505
65540;632515
65590;632505
65590;632515
65920;632605
65930;517320
65990;321210
65990;352205
65990;622020
65990;632005
65990;632015
65990;632110
65990;632115
65990;632125
65990;632605
65990;862105
66120;341225
66130;341225
66140;341220
66190;215140
66220;631205
66230;631410
66290;341225
66290;631020
66290;631105
66290;631205
66290;631210
66320;631105
66330;631010
66390;352205
66390;631005
66390;631020
66390;631105
66420;631325
66430;631320
66440;631330
66490;321310
66490;631325
66490;631330
66490;631335
66920;341230
66930;341230
66990;631020
67120;641015
67130;641010
67140;641005
67190;620105
67190;641010
67190;641015
67220;623115
67230;623315
67290;623115
67290;623315
67320;642015
67330;632120
67390;642015
70115;720125
70120;810110
70125;810105
70130;810205
70135;750205
70140;720215
70145;720210
70150;730105
70155;830105
70160;840105
70165;760125
70170;760405
70175;770105
70177;760605
70180;720205
70183;710205
70184;710220
70185;710210
70186;710225
70187;710215
70190;262410
70190;313410
70190;317115
70190;391205
70190;414105
70190;710205
70190;720105
70190;720115
70190;720125
70190;720130
70190;720135
70190;720155
70190;720215
70190;720220
70190;740105
70190;741105
70190;750105
70190;765215
70190;820115
70190;820120
70190;830105
70190;910110
70220;710120
70230;710120
70290;710120
70320;860115
70330;860110
70340;860105
70390;730105
70390;860110
70390;860115
70390;862305
70420;760110
70430;760120
70440;760115
70450;760105
70490;122205
70490;761005
70520;910105
70530;950105
70540;313415
70550;811010
70590;919105
71105;711130
71110;711110
71150;711120
71160;711125
71170;711105
71190;711105
71190;711115
71190;711120
71190;711130
71190;711225
71220;711215
71230;711225
71240;711220
71250;711230
71260;711240
71290;632605
71290;711115
71290;711130
71290;811330
71320;711115
71330;712105
71335;711215
71340;712120
71350;712135
71360;712110
71370;712115
71380;712130
71390;710105
71390;712105
71390;712115
71390;712120
71390;712130
71390;712135
71420;711315
71430;711325
71440;711330
71450;316340
71460;316335
71490;711315
71490;711330
71520;711320
71525;711310
71527;711305
71590;711320
71620;711410
71690;710110
71690;841205
71690;841210
71920;711405
71930;711320
71990;711115
71990;711320
72015;821240
72020;821235
72023;821235
72025;821230
72030;821230
72035;821255
72090;820110
72090;821235
72090;821240
72113;821245
72120;821205
72130;821205
72140;821210
72150;821205
72160;821215
72170;821220
72180;821225
72190;720125
72190;821205
72190;821215
72190;821220
72190;821230
72190;822120
72210;821305
72215;821305
72220;821315
72240;821310
72250;821320
72260;821325
72280;821330
72285;821335
72290;391205
72290;722210
72290;722325
72290;724415
72290;724510
72290;820125
72290;821305
72290;821310
72290;821315
72290;821440
72315;822125
72317;822115
72325;822110
72330;822105
72335;822105
72340;822120
72345;822115
72390;722105
72390;723120
72390;822115
72390;822125
72420;722205
72430;722220
72440;722225
72460;722210
72470;722215
72475;722235
72480;722230
72490;391205
72490;720115
72490;722205
72490;722210
72490;722215
72490;722235
72490;722320
72490;751110
72490;822115
72515;722325
72520;722315
72540;722320
72550;722305
72560;722310
72590;722305
72590;722310
72590;722315
72590;722320
72590;722325
72590;722330
72590;822110
72590;822120
72620;723120
72630;723125
72640;723105
72650;723110
72660;723115
72670;723125
72690;720160
72690;723110
72690;723125
72720;722415
72730;722415
72740;722410
72750;722415
72790;720145
72790;722410
72790;722415
72820;723215
72830;723225
72835;723235
72840;723230
72845;723205
72850;723220
72855;723210
72860;723240
72890;720130
72890;722415
72890;723205
72890;723210
72890;723215
72890;723220
72890;723225
72890;723235
72915;821405
72930;821450
72935;821435
72950;821425
72960;821420
72965;823305
72967;823130
72968;821110
72970;821410
72977;821445
72980;821110
72983;821110
72985;821430
72987;821415
72990;519205
72990;720160
72990;722205
72990;722210
72990;722220
72990;723205
72990;724415
72990;766145
72990;784205
72990;811215
72990;821110
72990;821305
72990;821310
72990;821415
72990;821420
72990;821440
72990;821445
72990;821450
72990;822110
72990;822115
72990;822120
72990;822125
73120;772115
73130;772110
73190;772110
73190;772115
73210;773120
73215;773110
73220;773115
73225;773125
73230;773130
73240;773105
73290;391205
73290;632125
73290;773105
73290;773110
73290;773115
73290;773120
73290;773125
73290;773130
73290;773340
73320;831115
73330;831115
73340;831115
73350;831110
73355;831120
73360;831105
73370;831125
73390;831105
73390;831115
73390;831125
73390;833105
73410;832125
73420;832115
73430;832120
73435;832120
73440;832105
73470;832110
73490;830105
73490;832105
73490;832125
73490;832135
73490;833105
73520;773205
73530;773215
73540;773220
73550;773210
73590;773210
73590;773215
73590;773220
73920;772105
73930;832135
73940;391225
73990;311705
73990;772105
73990;832110
73990;832125
73990;832135
73990;833120
74120;811115
74130;811105
74140;811110
74190;810110
74190;811115
74190;823125
74220;811205
74230;811205
74240;811205
74250;811205
74290;810110
74290;811205
74290;821205
74320;811330
74330;811320
74335;811315
74340;811305
74350;811310
74360;811335
74390;811305
74390;811320
74390;811330
74390;811335
74420;811410
74430;811415
74440;811420
74450;811430
74460;811405
74470;811425
74480;841705
74490;811405
74490;811410
74490;811430
74490;841705
74490;848105
74520;811505
74530;811510
74540;811505
74550;811505
74560;811505
74590;811505
74590;811510
74620;811650
74630;811625
74640;811605
74650;811645
74660;811615
74670;811620
74675;811635
74680;811610
74685;811630
74690;811115
74690;811605
74690;811610
74690;811615
74690;811620
74690;811625
74690;811635
74690;811650
74690;820115
74690;822125
74720;811810
74790;325110
74790;515225
74790;811805
74790;811810
74790;811820
74915;811005
74925;862115
74935;761354
74940;811215
74945;821250
74947;862155
74950;811130
74960;811125
74970;782625
74975;812105
74980;818105
74985;811120
74990;515120
74990;811110
74990;811125
74990;811130
74990;811205
74990;811820
74990;823320
74990;862115
75115;761105
75120;761110
75125;761205
75130;761205
75135;761220
75145;761255
75160;761205
75170;761250
75175;761240
75180;761235
75190;760120
75190;760125
75190;761105
75190;761110
75190;761220
75190;761240
75190;761306
75190;761327
75190;761354
75190;761425
75190;761430
75190;761810
75210;761230
75240;761260
75250;761225
75290;760125
75290;761205
75290;761225
75290;761230
75290;761240
75290;761250
75290;761255
75290;761354
75315;761351
75325;761357
75335;761363
75350;761366
75360;761348
75390;516415
75390;760120
75390;760125
75390;761105
75390;761230
75390;761348
75390;761351
75390;761357
75390;761363
75390;761366
75390;761810
75390;768105
75430;768105
75432;761321
75433;761315
75440;761324
75442;761309
75445;761312
75447;761318
75450;761306
75455;768110
75460;761345
75465;761303
75490;760120
75490;760125
75490;761306
75490;761321
75490;761327
75490;761345
75490;761360
75490;765110
75490;768110
75520;761327
75525;761330
75527;761333
75530;761336
75535;761339
75537;761342
75590;760115
75590;761327
75590;761330
75590;761410
75590;768115
75612;761405
75615;761405
75620;311710
75625;311710
75635;761430
75640;761420
75643;761420
75645;761415
75647;761420
75660;761425
75670;761415
75675;761410
75680;761435
75685;761815
75690;311625
75690;311710
75690;516325
75690;760125
75690;761005
75690;761405
75690;761410
75690;761415
75690;761420
75690;761425
75690;761430
75690;761435
75690;761815
75690;761820
75920;768130
75925;761360
75930;768130
75940;768120
75955;768115
75960;761354
75965;761415
75970;761415
75980;761435
75990;760125
75990;761005
75990;761105
75990;761205
75990;761225
75990;761230
75990;761303
75990;761312
75990;761354
75990;761360
75990;761363
75990;761410
75990;761415
75990;761420
75990;761425
75990;763115
75990;765010
75990;768130
76120;762105
76130;762105
76135;762110
76137;762115
76140;762125
76143;762220
76145;762205
76147;762315
76150;762340
76153;762335
76155;311725
76190;311115
76190;311725
76190;760125
76190;762005
76190;762205
76190;762210
76190;762215
76190;762305
76190;762310
76190;762315
76190;762325
76190;762330
76190;762340
76190;765105
77110;841115
77120;841105
77130;841115
77140;841110
77190;622315
77190;784205
77190;841105
77190;841110
77190;841115
77220;841315
77240;841320
77250;841305
77260;841310
77290;841305
77290;841310
77290;841315
77290;841320
77310;848520
77315;848505
77325;848515
77335;848525
77390;848505
77390;848510
77390;848515
77390;848520
77390;848525
77410;841408
77415;841428
77420;841440
77425;841420
77430;841456
77440;841432
77445;841416
77450;848110
77460;848105
77470;848115
77480;841484
77490;325205
77490;391205
77490;784110
77490;784115
77490;840120
77490;841115
77490;841320
77490;841408
77490;841416
77490;841420
77490;841432
77490;841440
77490;841456
77490;841460
77490;841464
77490;841484
77490;841505
77490;841615
77490;848105
77490;848110
77490;848115
77490;848510
77490;848525
77510;841505
77520;848205
77530;848215
77540;848210
77560;841476
77590;841476
77590;841505
77590;848210
77590;848215
77620;848305
77640;848315
77645;841805
77660;848310
77665;840120
77670;848325
77690;784205
77690;841805
77690;841810
77690;841815
77690;848305
77690;848310
77690;848315
77720;848405
77725;848415
77727;848410
77730;841605
77740;841630
77750;841610
77760;841625
77770;841615
77775;841615
77780;841620
77783;841620
77785;841815
77790;513435
77790;841605
77790;841610
77790;841615
77790;841625
77790;841630
77790;848405
77820;841725
77825;841735
77830;841730
77835;841715
77845;841710
77850;841720
77855;841745
77860;848420
77870;841740
77880;841464
77890;391205
77890;840110
77890;841705
77890;841710
77890;841715
77890;841720
77890;841725
77890;841745
77920;841448
77925;841472
77930;841444
77950;841210
77960;841468
77970;841460
77990;760125
77990;840120
77990;841105
77990;841408
77990;841416
77990;841420
77990;841432
77990;841444
77990;841448
77990;841460
77990;841468
77990;841472
77990;841620
77990;841625
77990;848110
77990;848315
77990;848525
78120;842115
78130;842105
78135;842110
78140;842110
78145;842110
78170;842110
78173;842110
78175;842110
78180;842105
78185;842105
78190;840115
78190;842110
78190;848605
78220;842230
78230;842210
78290;842210
78290;842215
78290;842220
78290;842230
78320;842125
78390;784110
78390;842305
79120;763005
79140;763010
79150;763020
79190;318810
79190;763005
79190;763015
79190;763020
79190;763210
79190;763215
79190;763305
79320;765010
79390;763210
79390;765010
79390;765015
79420;318810
79440;763120
79450;763110
79460;763110
79490;760125
79490;762335
79490;763005
79490;763010
79490;763210
79490;763215
79490;765010
79510;763210
79520;763210
79530;763320
79550;763215
79555;763205
79590;760125
79590;760310
79590;763010
79590;763210
79590;763215
79590;763305
79590;763320
79590;763325
79620;765235
79625;768110
79630;991310
79640;765205
79650;765230
79690;523105
79690;763215
79690;765110
79690;765205
79690;765235
79690;768110
79690;991310
79720;768205
79730;763310
79740;768210
79790;761805
79790;763305
79790;763310
79790;768205
79790;768210
79920;765225
79930;763210
79990;318810
79990;763210
79990;765225
79990;784125
80110;768320
80120;322505
80130;768320
80190;768320
80215;318815
80220;764105
80225;768310
80230;764115
80235;764110
80240;764120
80245;764210
80250;764205
80255;764305
80290;764105
80290;764110
80290;764115
80290;764120
80290;764210
80290;764305
80310;768305
80320;768325
80330;765105
80340;768315
80350;765310
80360;765315
80390;311725
80390;765005
80390;765310
80390;768305
80390;768315
80390;768325
81110;771105
81130;775110
81140;775115
81190;721325
81190;765235
81190;770105
81190;771105
81190;773120
81190;774105
81190;775110
81190;775115
81210;773325
81215;773350
81220;773340
81230;773355
81240;773345
81250;773330
81260;773310
81265;773320
81270;773335
81280;773315
81285;773415
81290;715510
81290;773105
81290;773115
81290;773120
81290;773315
81290;773320
81290;773325
81290;773330
81290;773335
81290;773340
81290;773355
81290;773415
81930;771120
81935;771110
81940;771115
81945;775105
81965;775120
81990;716535
81990;771105
81990;771110
81990;771120
81990;773105
81990;773305
82020;712205
82025;712220
82040;712230
82050;712225
82060;712210
82070;712215
82090;711130
82090;712120
82090;712205
83110;722105
83130;722110
83140;722115
83190;717010
83190;720120
83190;722105
83190;722110
83190;722115
83210;721105
83215;721105
83230;721110
83240;721115
83250;721105
83290;391205
83290;721105
83290;724310
83290;725010
83308;721210
83315;721215
83317;721220
83319;721215
83320;721215
83325;721210
83327;721205
83330;721215
83340;721215
83350;721415
83355;721210
83360;721215
83365;721210
83367;721210
83370;721220
83375;721220
83385;721220
83390;721205
83390;721210
83390;721215
83390;721220
83390;721225
83390;725020
83410;721225
83415;721225
83417;721225
83420;721225
83425;721225
83427;721225
83435;721225
83437;721225
83445;721225
83465;721225
83480;721225
83485;721225
83490;721225
83510;721215
83515;721210
83520;721210
83525;721210
83530;721210
83535;721215
83540;721215
83545;721215
83550;721220
83555;721210
83560;721210
83565;721210
83590;721105
83590;721215
83590;722115
83620;721325
83630;721315
83640;721310
83650;721320
83660;721305
83690;721210
83690;721305
83690;721315
83690;721320
83690;721325
83715;721405
83717;721425
83720;721430
83727;721420
83730;721410
83750;721415
83760;721405
83790;721405
83915;724440
83980;821440
83990;724440
83990;821440
84010;725010
84020;725015
84030;725020
84090;725010
84090;725020
84090;725205
84090;911305
84090;914405
84110;725205
84113;725305
84115;725415
84120;725405
84125;725410
84130;725420
84135;725225
84140;725315
84145;725210
84150;725220
84155;725215
84160;725310
84165;725320
84170;725105
84180;725705
84185;725605
84187;725610
84190;391205
84190;725205
84220;741120
84225;741125
84230;741105
84235;741110
84240;741115
84245;322505
84250;322410
84260;741115
84270;741115
84290;741105
84290;741115
84320;914405
84340;914415
84350;914425
84360;914420
84390;914405
84410;914105
84425;914105
84430;914110
84440;914110
84490;914105
84510;911305
84515;914305
84520;911120
84525;911130
84530;911325
84535;913110
84540;911310
84545;911320
84550;911315
84555;913115
84560;913120
84565;954305
84570;954120
84575;913105
84580;911205
84585;914305
84590;374305
84590;721210
84590;725010
84590;780105
84590;910105
84590;911105
84590;911110
84590;911120
84590;911205
84590;911305
84590;911310
84590;911320
84590;911325
84590;913105
84590;913120
84590;915115
84590;954120
84590;954305
84917;725105
84937;313205
84975;919310
84977;919110
84983;523115
84987;919105
84990;722105
84990;725010
84990;725105
84990;725205
84990;911120
84990;911305
84990;911320
84990;914305
84990;914405
84990;919105
84990;919110
85110;731135
85120;731130
85130;731160
85140;731125
85150;731115
85160;731155
85170;731120
85190;731135
85190;731160
85190;911205
85210;731150
85220;731205
85230;731105
85240;731110
85250;731145
85260;731140
85290;318305
85290;731150
85290;731180
85290;731205
85290;731320
85290;915105
85405;951105
85410;951105
85415;951105
85430;954205
85440;954125
85490;313215
85490;715615
85490;731180
85490;731330
85490;860115
85490;914105
85490;951105
85490;954125
85490;954210
85510;715615
85520;715610
85530;953105
85535;953110
85540;953115
85550;715605
85590;715610
85590;715615
85590;732125
85590;951105
85590;953115
85640;731305
85645;313205
85650;731320
85655;731305
85660;731320
85670;731305
85680;731320
85685;731315
85690;731150
85690;731305
85690;731315
85690;731320
85690;732130
85690;951105
85720;732120
85730;732125
85740;732130
85750;732110
85760;732105
85770;732115
85780;732135
85790;313310
85790;391205
85790;731320
85790;732105
85790;732110
85790;732115
85790;732120
85790;732130
85790;732135
85790;911305
85790;950110
85930;731175
85940;731180
85950;731165
85960;731170
85990;313210
85990;313215
85990;391205
85990;715610
85990;715615
85990;731125
85990;731135
85990;731150
85990;731170
85990;731175
85990;731180
85990;951105
86123;373110
86125;373220
86135;373115
86140;373205
86145;373205
86190;373110
86190;373115
86190;373205
86190;373215
86190;391215
86220;374105
86230;374120
86235;374420
86240;374305
86250;374125
86260;374210
86290;261305
87105;724110
87110;724115
87120;724130
87130;724125
87140;724120
87150;724135
87160;724105
87190;314615
87190;517110
87190;724110
87190;724115
87190;724130
87190;724135
87210;724315
87215;724320
87225;724325
87232;724315
87235;724315
87245;724305
87247;724315
87250;724310
87255;724310
87290;720140
87290;724310
87290;724315
87290;724320
87310;724415
87320;724225
87325;724515
87330;724405
87335;724510
87340;724435
87350;724410
87355;724505
87360;766145
87370;724420
87380;724430
87385;724425
87390;391205
87390;721405
87390;724205
87390;724410
87390;724415
87390;724420
87390;724430
87390;724435
87390;724440
87390;724510
87390;724515
87390;821405
87390;821440
87390;862120
87420;724225
87430;724220
87440;724205
87450;724210
87460;724230
87465;724215
87470;724215
87490;715140
87490;720145
87490;724205
87490;724215
87490;724220
87490;724230
88010;751010
88020;751015
88030;751020
88040;751005
88050;751125
88060;751105
88070;751120
88080;751115
88090;723215
88090;751010
88090;751020
88090;751125
88090;823230
89020;752115
89025;752115
89030;823240
89040;752110
89045;823250
89050;752110
89060;823250
89070;823245
89080;752120
89090;752110
89090;752115
89090;752230
89090;784205
89090;823210
89090;823215
89090;823245
89090;823250
89148;752230
89152;823235
89156;752210
89160;752235
89164;752230
89168;752230
89190;711105
89190;722325
89190;752230
89190;823215
89190;823235
89190;823245
89210;752305
89215;752320
89220;752325
89225;752310
89230;752315
89240;828110
89243;828105
89250;752330
89255;752330
89290;752305
89290;752320
89290;752325
89290;752330
89290;752405
89290;752430
89290;820205
89290;823115
89290;828110
89320;823215
89330;823220
89340;823255
89350;823255
89360;823315
89390;752305
89390;820120
89390;823215
89420;752220
89430;752215
89440;752225
89490;752205
89490;752220
89520;752415
89530;752430
89540;752405
89550;752420
89555;752410
89560;752420
89570;752425
89590;752405
89590;752410
89590;752430
89920;823110
89930;823115
89940;823120
89950;823125
89960;823105
89970;823210
89990;716305
89990;752320
89990;752410
89990;752420
89990;784205
89990;820205
89990;823105
89990;823110
89990;823115
89990;823125
89990;823210
90120;811705
90125;811710
90130;811775
90135;811750
90140;811710
90190;311405
90190;311410
90190;810205
90190;811710
90190;811750
90190;811775
90220;811715
90230;811715
90240;992115
90290;311405
90290;810205
90290;811715
90290;811750
90290;811775
90290;992115
90320;811770
90330;811760
90340;811745
90350;811760
90360;811760
90390;311410
90390;391205
90390;810205
90390;811745
90390;811760
90390;821330
91020;833205
91030;833105
91050;833120
91060;833125
91070;833110
91080;833115
91090;766315
91090;832125
91090;833105
91090;833110
91090;833205
92110;768605
92115;766145
92120;768615
92130;768610
92135;768615
92140;768615
92143;766120
92145;768620
92150;766325
92155;766125
92165;766145
92170;766145
92180;766120
92190;722205
92190;724515
92190;760605
92190;766120
92190;766145
92190;766220
92190;766250
92190;766310
92190;768605
92190;768610
92190;768615
92190;768620
92207;766145
92210;766215
92215;311715
92220;766250
92225;766250
92227;766245
92230;766220
92235;766230
92240;766215
92250;766250
92260;766225
92270;766250
92280;766310
92285;766250
92290;766205
92290;766215
92290;766220
92290;766225
92290;766250
92320;766145
92330;766145
92390;766115
92415;766145
92420;766145
92425;766105
92427;766145
92429;766145
92430;766145
92432;766145
92435;766145
92437;766145
92440;766145
92445;766145
92450;766145
92455;766145
92460;766145
92465;766145
92490;314620
92490;766115
92490;766145
92510;766410
92520;766410
92530;766145
92533;766145
92535;766145
92537;766125
92540;766410
92550;766145
92555;766150
92557;766145
92560;766145
92585;766125
92590;766105
92590;766115
92590;766120
92590;766125
92590;766145
92590;766150
92620;766315
92630;766315
92635;766315
92640;768705
92650;766315
92655;766315
92656;766305
92660;766320
92665;766315
92675;766310
92680;766310
92685;766315
92690;391205
92690;766310
92690;766315
92690;766320
92690;766325
92720;766415
92730;766410
92740;766410
92750;766410
92755;766405
92760;766410
92770;766405
92780;766420
92790;374420
92790;760605
92790;766405
92790;766410
92790;766415
92920;766205
92930;766205
92935;766205
92960;766145
92970;766315
92980;766315
92990;766125
92990;766205
92990;766220
92990;766315
92990;766320
92990;766325
93120;716610
93130;723315
93190;716610
93190;723315
93920;723310
93930;723330
93940;723325
93950;768625
93960;723320
93990;262405
93990;716610
93990;720135
93990;723305
93990;723310
93990;723315
93990;723320
93990;723325
93990;723330
94120;742115
94130;742125
94140;742130
94145;742120
94150;742110
94160;742135
94170;742140
94180;742105
94190;740110
94190;742105
94190;742120
94190;742130
94190;915210
94220;776405
94230;776430
94240;776410
94245;776415
94250;776420
94260;776425
94270;768125
94290;768125
94290;776405
94290;776420
94290;776425
94290;776430
94320;823325
94330;823320
94340;823330
94350;823265
94360;823230
94390;711105
94390;712105
94390;823265
94920;328110
94930;766115
94940;765215
94950;768630
94955;811725
94965;811735
94970;766145
94975;765405
94990;141410
94990;622410
94990;724510
94990;742115
94990;761425
94990;764115
94990;765205
94990;773415
94990;811745
95110;715210
95120;715230
95125;715215
95130;715220
95135;715225
95165;715210
95190;715210
95190;715220
95190;717020
95210;715305
95222;715310
95230;715315
95240;716105
95250;716110
95290;715305
95290;715315
95290;716105
95290;991105
95310;716205
95320;716205
95330;716220
95340;716210
95350;716215
95370;716210
95390;716210
95410;715505
95415;715525
95417;715535
95420;715510
95425;715530
95430;715515
95440;777115
95445;777110
95450;777105
95460;715505
95465;715520
95480;777210
95485;777205
95490;715505
95490;715510
95490;715525
95490;715540
95490;770105
95490;773305
95490;774105
95490;777110
95490;777205
95520;716405
95535;716525
95545;716530
95550;716510
95555;716515
95560;716505
95565;716535
95570;716520
95590;710205
95590;715210
95590;715530
95590;716510
95590;716515
95590;716525
95590;716535
95590;716615
95620;715725
95630;715730
95635;715705
95640;715710
95650;715720
95660;715715
95690;391205
95690;715715
95690;715720
95690;715725
95690;716605
95710;716305
95720;716310
95750;716315
95760;991310
95790;716305
95790;716310
95790;716315
95920;514325
95925;716615
95932;717020
95940;715545
95945;717005
95955;717015
95960;781705
95965;716605
95975;514315
95980;715205
95990;710205
95990;715140
95990;715205
95990;715210
95990;715230
95990;716605
95990;991405
96120;861115
96130;861105
96140;861120
96160;861110
96180;861205
96190;391205
96190;861105
96190;861110
96190;861115
96190;861205
96190;862140
96190;862205
96190;911305
96910;862150
96920;862130
96925;862405
96930;862120
96940;862140
96950;862205
96955;862305
96960;862310
96970;862505
96980;862515
96990;391205
96990;715715
96990;721210
96990;784205
96990;821210
96990;862120
96990;862130
96990;862140
96990;862150
96990;862155
96990;862205
96990;862305
96990;862310
96990;862405
96990;862505
96990;862515
96990;910105
96990;910115
96990;910130
96990;911305
97110;783210
97120;783220
97130;783215
97135;783205
97140;783220
97145;783210
97150;784105
97155;784110
97160;784115
97170;784125
97180;784120
97190;414105
97190;414110
97190;519930
97190;715510
97190;771105
97190;772105
97190;780105
97190;782220
97190;783205
97190;783210
97190;783215
97190;783220
97190;783225
97190;784105
97190;784110
97190;784115
97190;784120
97190;784125
97190;821410
97190;823305
97190;833105
97190;833110
97190;862405
97205;724605
97210;724605
97220;724605
97230;724605
97240;724605
97250;724605
97290;711320
97290;724605
97290;724610
97320;782130
97323;782135
97325;782110
97330;782115
97334;782140
97335;782125
97340;782115
97345;782135
97350;782205
97360;782145
97365;782120
97390;720215
97390;782110
97390;782115
97390;782125
97390;782130
97390;782145
97390;782205
97390;782605
97410;715125
97420;715115
97422;715135
97425;715120
97430;715145
97435;782105
97440;715105
97445;715130
97450;715110
97465;715140
97470;715405
97472;715410
97475;715415
97477;717025
97480;717010
97490;710215
97490;715105
97490;715115
97490;715125
97490;715130
97490;715135
97490;715140
97490;715145
97490;715405
97490;715410
97490;717010
97490;782105
97490;910105
97490;954205
97920;782220
97925;782135
97935;414115
97990;414110
97990;711115
97990;715135
97990;715140
97990;772105
97990;782110
97990;782115
97990;782130
97990;782220
97990;782610
97990;782630
97990;783210
97990;784205
98120;782705
98130;782705
98140;782715
98150;782705
98190;215135
98190;215145
98215;862110
98220;862110
98230;919115
98290;720110
98290;782710
98290;862110
98320;782610
98330;862105
98340;782625
98350;782615
98360;782610
98390;342405
98390;720110
98390;782120
98390;862105
98435;991105
98440;783110
98445;783110
98450;783105
98460;783110
98490;342405
98490;414215
98490;511220
98490;517330
98490;782610
98490;782625
98490;783105
98490;783110
98490;991105
98510;782305
98520;782620
98530;782315
98535;782305
98540;782410
98550;782310
98560;782510
98570;519110
98580;782505
98582;782505
98585;715145
98590;423105
98590;511205
98590;519935
98590;715615
98590;782305
98590;782310
98590;782315
98590;782410
98590;782415
98590;782505
98590;782510
98590;782515
98590;782630
98590;783210
98590;914405
98590;992115
98620;782805
98630;782805
98640;782810
98690;782415
98915;782505
98930;782210
98940;782145
98945;783225
98950;782820
98990;511215
98990;991205
99130;516610
99150;784205
99190;311710
99190;312305
99190;312320
99190;414105
99190;519205
99190;632605
99190;717020
99190;724110
99190;768105
99190;782210
99190;784205
99190;862205
99190;862305
99190;991405
